{"filename": "TP0_Ch0_Ill0_Ang0,45,90,135,180,225,270,315_16bit_DS", "resolution_in_microns": [0.831, 0.831, 0.831], "subsampling_factors": [0.3333333333333333, 0.3333333333333333, 0.3333333333333333], "normal_offsets": [-3.0, -2.4, -1.8, -1.2000000000000002, -0.6000000000000001, 0.0, 0.5999999999999996, 1.2000000000000002, 1.7999999999999998, 2.3999999999999995, 3.0]}